tiefe_cm,gluehverlust_prozent,U_prozent,S_prozent,G_prozent,kf_beyer
0 - 30,2.7,6.4,93.1,0.4,0.000095
30 - 55,1.3,6.3,93.3,0.4,0.00013
55 - 80,0.6,1.7,97.3,1.1,0.00019
80 - 150,0.2,1.3,98.6,0.1,0.0002
150 - 190,0.2,1,98.7,0.3,0.00022
190 - 210,0.3,2.5,97.2,0.3,0.00017
